week,state,state_name,disease,cases,incidence_per_capita
196601,AL,ALABAMA,HEPATITIS A,5,0.14
196601,AR,ARKANSAS,HEPATITIS A,11,0.58
196601,AZ,ARIZONA,HEPATITIS A,6,0.37
196601,CA,CALIFORNIA,HEPATITIS A,89,0.47
196601,CO,COLORADO,HEPATITIS A,1,0.05
196601,CT,CONNECTICUT,HEPATITIS A,9,0.31
196601,DE,DELAWARE,HEPATITIS A,3,0.58
196601,FL,FLORIDA,HEPATITIS A,7,0.11
196601,GA,GEORGIA,HEPATITIS A,4,0.09
196601,HI,HAWAII,HEPATITIS A,3,0.42
196601,IA,IOWA,HEPATITIS A,12,0.43
196601,ID,IDAHO,HEPATITIS A,2,0.29
196601,IL,ILLINOIS,HEPATITIS A,6,0.06
196601,IN,INDIANA,HEPATITIS A,2,0.04
196601,KS,KANSAS,HEPATITIS A,6,0.27
196601,KY,KENTUCKY,HEPATITIS A,26,0.83
196601,LA,LOUISIANA,HEPATITIS A,1,0.03
196601,MA,MASSACHUSETTS,HEPATITIS A,10,0.18
196601,MD,MARYLAND,HEPATITIS A,9,0.24
196601,ME,MAINE,HEPATITIS A,6,0.6
196601,MI,MICHIGAN,HEPATITIS A,84,0.99
196601,MN,MINNESOTA,HEPATITIS A,3,0.08
196601,MO,MISSOURI,HEPATITIS A,5,0.11
196601,MS,MISSISSIPPI,HEPATITIS A,1,0.04
196601,MT,MONTANA,HEPATITIS A,2,0.28
196601,NC,NORTH CAROLINA,HEPATITIS A,8,0.16
196601,ND,NORTH DAKOTA,HEPATITIS A,1,0.15
196601,NH,NEW HAMPSHIRE,HEPATITIS A,3,0.44
196601,NJ,NEW JERSEY,HEPATITIS A,21,0.31
196601,NM,NEW MEXICO,HEPATITIS A,13,1.29
196601,NV,NEVADA,HEPATITIS A,3,0.67
196601,OH,OHIO,HEPATITIS A,40,0.39
196601,OR,OREGON,HEPATITIS A,14,0.71
196601,PA,PENNSYLVANIA,HEPATITIS A,26,0.22
196601,RI,RHODE ISLAND,HEPATITIS A,6,0.67
196601,SC,SOUTH CAROLINA,HEPATITIS A,4,0.16
196601,TN,TENNESSEE,HEPATITIS A,93,2.43
196601,TX,TEXAS,HEPATITIS A,62,0.59
196601,UT,UTAH,HEPATITIS A,1,0.1
196601,VA,VIRGINIA,HEPATITIS A,11,0.25
196601,WA,WASHINGTON,HEPATITIS A,5,0.16
196601,WI,WISCONSIN,HEPATITIS A,15,0.35
196601,WV,WEST VIRGINIA,HEPATITIS A,1,0.06
196601,WY,WYOMING,HEPATITIS A,1,0.31
196602,AK,ALASKA,HEPATITIS A,6,2.21
196602,AL,ALABAMA,HEPATITIS A,3,0.09
196602,AR,ARKANSAS,HEPATITIS A,6,0.32
196602,AZ,ARIZONA,HEPATITIS A,25,1.55
196602,CA,CALIFORNIA,HEPATITIS A,122,0.65
196602,CO,COLORADO,HEPATITIS A,3,0.15
196602,CT,CONNECTICUT,HEPATITIS A,8,0.28
196602,DE,DELAWARE,HEPATITIS A,3,0.58
196602,FL,FLORIDA,HEPATITIS A,11,0.18
196602,HI,HAWAII,HEPATITIS A,1,0.14
196602,IA,IOWA,HEPATITIS A,5,0.18
196602,ID,IDAHO,HEPATITIS A,2,0.29
196602,IL,ILLINOIS,HEPATITIS A,28,0.26
196602,IN,INDIANA,HEPATITIS A,8,0.16
196602,KS,KANSAS,HEPATITIS A,4,0.18
196602,KY,KENTUCKY,HEPATITIS A,23,0.73
196602,LA,LOUISIANA,HEPATITIS A,8,0.23
196602,MA,MASSACHUSETTS,HEPATITIS A,10,0.18
196602,MD,MARYLAND,HEPATITIS A,10,0.27
196602,ME,MAINE,HEPATITIS A,17,1.7
196602,MI,MICHIGAN,HEPATITIS A,47,0.55
196602,MN,MINNESOTA,HEPATITIS A,3,0.08
196602,MO,MISSOURI,HEPATITIS A,5,0.11
196602,MS,MISSISSIPPI,HEPATITIS A,9,0.4
196602,NC,NORTH CAROLINA,HEPATITIS A,14,0.29
196602,ND,NORTH DAKOTA,HEPATITIS A,1,0.15
196602,NH,NEW HAMPSHIRE,HEPATITIS A,1,0.15
196602,NJ,NEW JERSEY,HEPATITIS A,25,0.36
196602,NM,NEW MEXICO,HEPATITIS A,15,1.49
196602,NV,NEVADA,HEPATITIS A,4,0.9
196602,NY,NEW YORK,HEPATITIS A,74,0.41
196602,OH,OHIO,HEPATITIS A,25,0.24
196602,OR,OREGON,HEPATITIS A,19,0.96
196602,PA,PENNSYLVANIA,HEPATITIS A,38,0.33
196602,SC,SOUTH CAROLINA,HEPATITIS A,2,0.08
196602,TN,TENNESSEE,HEPATITIS A,32,0.84
196602,TX,TEXAS,HEPATITIS A,40,0.38
196602,UT,UTAH,HEPATITIS A,4,0.4
196602,VA,VIRGINIA,HEPATITIS A,12,0.27
196602,WA,WASHINGTON,HEPATITIS A,9,0.29
196602,WI,WISCONSIN,HEPATITIS A,9,0.21
196602,WV,WEST VIRGINIA,HEPATITIS A,4,0.23
196603,AL,ALABAMA,HEPATITIS A,2,0.06
196603,AR,ARKANSAS,HEPATITIS A,2,0.11
196603,AZ,ARIZONA,HEPATITIS A,9,0.56
196603,CA,CALIFORNIA,HEPATITIS A,98,0.52
196603,CT,CONNECTICUT,HEPATITIS A,5,0.17
196603,DE,DELAWARE,HEPATITIS A,2,0.39
196603,FL,FLORIDA,HEPATITIS A,18,0.29
196603,HI,HAWAII,HEPATITIS A,2,0.28
196603,IA,IOWA,HEPATITIS A,4,0.14
196603,IL,ILLINOIS,HEPATITIS A,24,0.22
196603,IN,INDIANA,HEPATITIS A,10,0.2
196603,KS,KANSAS,HEPATITIS A,8,0.36
196603,KY,KENTUCKY,HEPATITIS A,17,0.54
196603,LA,LOUISIANA,HEPATITIS A,10,0.28
196601,AL,ALABAMA,HEPATITIS A,5,0.14
196601,AR,ARKANSAS,HEPATITIS A,11,0.58
196601,AZ,ARIZONA,HEPATITIS A,6,0.37
196601,CA,CALIFORNIA,HEPATITIS A,89,0.47
196601,CO,COLORADO,HEPATITIS A,1,0.05
196601,CT,CONNECTICUT,HEPATITIS A,9,0.31
196601,DE,DELAWARE,HEPATITIS A,3,0.58
196601,FL,FLORIDA,HEPATITIS A,7,0.11
196601,GA,GEORGIA,HEPATITIS A,4,0.09
196601,HI,HAWAII,HEPATITIS A,3,0.42
196601,IA,IOWA,HEPATITIS A,12,0.43
196601,ID,IDAHO,HEPATITIS A,2,0.29
196601,IL,ILLINOIS,HEPATITIS A,6,0.06
196601,IN,INDIANA,HEPATITIS A,2,0.04
196601,KS,KANSAS,HEPATITIS A,6,0.27
196601,KY,KENTUCKY,HEPATITIS A,26,0.83
196601,LA,LOUISIANA,HEPATITIS A,1,0.03
196601,MA,MASSACHUSETTS,HEPATITIS A,10,0.18
196601,MD,MARYLAND,HEPATITIS A,9,0.24
196601,ME,MAINE,HEPATITIS A,6,0.6
196601,MI,MICHIGAN,HEPATITIS A,84,0.99
196601,MN,MINNESOTA,HEPATITIS A,3,0.08
196601,MO,MISSOURI,HEPATITIS A,5,0.11
196601,MS,MISSISSIPPI,HEPATITIS A,1,0.04
196601,MT,MONTANA,HEPATITIS A,2,0.28
196601,NC,NORTH CAROLINA,HEPATITIS A,8,0.16
196601,ND,NORTH DAKOTA,HEPATITIS A,1,0.15
196601,NH,NEW HAMPSHIRE,HEPATITIS A,3,0.44
196601,NJ,NEW JERSEY,HEPATITIS A,21,0.31
196601,NM,NEW MEXICO,HEPATITIS A,13,1.29
196601,NV,NEVADA,HEPATITIS A,3,0.67
196601,OH,OHIO,HEPATITIS A,40,0.39
196601,OR,OREGON,HEPATITIS A,14,0.71
196601,PA,PENNSYLVANIA,HEPATITIS A,26,0.22
196601,RI,RHODE ISLAND,HEPATITIS A,6,0.67
196601,SC,SOUTH CAROLINA,HEPATITIS A,4,0.16
196601,TN,TENNESSEE,HEPATITIS A,93,2.43
196601,TX,TEXAS,HEPATITIS A,62,0.59
196601,UT,UTAH,HEPATITIS A,1,0.1
196601,VA,VIRGINIA,HEPATITIS A,11,0.25
196601,WA,WASHINGTON,HEPATITIS A,5,0.16
196601,WI,WISCONSIN,HEPATITIS A,15,0.35
196601,WV,WEST VIRGINIA,HEPATITIS A,1,0.06
196601,WY,WYOMING,HEPATITIS A,1,0.31
196602,AK,ALASKA,HEPATITIS A,6,2.21
196602,AL,ALABAMA,HEPATITIS A,3,0.09
196602,AR,ARKANSAS,HEPATITIS A,6,0.32
196602,AZ,ARIZONA,HEPATITIS A,25,1.55
196602,CA,CALIFORNIA,HEPATITIS A,122,0.65
196602,CO,COLORADO,HEPATITIS A,3,0.15
196602,CT,CONNECTICUT,HEPATITIS A,8,0.28
196602,DE,DELAWARE,HEPATITIS A,3,0.58
196602,FL,FLORIDA,HEPATITIS A,11,0.18
196602,HI,HAWAII,HEPATITIS A,1,0.14
196602,IA,IOWA,HEPATITIS A,5,0.18
196602,ID,IDAHO,HEPATITIS A,2,0.29
196602,IL,ILLINOIS,HEPATITIS A,28,0.26
196602,IN,INDIANA,HEPATITIS A,8,0.16
196602,KS,KANSAS,HEPATITIS A,4,0.18
196602,KY,KENTUCKY,HEPATITIS A,23,0.73
196602,LA,LOUISIANA,HEPATITIS A,8,0.23
196602,MA,MASSACHUSETTS,HEPATITIS A,10,0.18
196602,MD,MARYLAND,HEPATITIS A,10,0.27
196602,ME,MAINE,HEPATITIS A,17,1.7
196602,MI,MICHIGAN,HEPATITIS A,47,0.55
196602,MN,MINNESOTA,HEPATITIS A,3,0.08
196602,MO,MISSOURI,HEPATITIS A,5,0.11
196602,MS,MISSISSIPPI,HEPATITIS A,9,0.4
196602,NC,NORTH CAROLINA,HEPATITIS A,14,0.29
196602,ND,NORTH DAKOTA,HEPATITIS A,1,0.15
196602,NH,NEW HAMPSHIRE,HEPATITIS A,1,0.15
196602,NJ,NEW JERSEY,HEPATITIS A,25,0.36
196602,NM,NEW MEXICO,HEPATITIS A,15,1.49
196602,NV,NEVADA,HEPATITIS A,4,0.9
196602,NY,NEW YORK,HEPATITIS A,74,0.41
196602,OH,OHIO,HEPATITIS A,25,0.24
196602,OR,OREGON,HEPATITIS A,19,0.96
196602,PA,PENNSYLVANIA,HEPATITIS A,38,0.33
196602,SC,SOUTH CAROLINA,HEPATITIS A,2,0.08
196602,TN,TENNESSEE,HEPATITIS A,32,0.84
196602,TX,TEXAS,HEPATITIS A,40,0.38
196602,UT,UTAH,HEPATITIS A,4,0.4
196602,VA,VIRGINIA,HEPATITIS A,12,0.27
196602,WA,WASHINGTON,HEPATITIS A,9,0.29
196602,WI,WISCONSIN,HEPATITIS A,9,0.21
196602,WV,WEST VIRGINIA,HEPATITIS A,4,0.23
196603,AL,ALABAMA,HEPATITIS A,2,0.06
196603,AR,ARKANSAS,HEPATITIS A,2,0.11
196603,AZ,ARIZONA,HEPATITIS A,9,0.56
196603,CA,CALIFORNIA,HEPATITIS A,98,0.52
196603,CT,CONNECTICUT,HEPATITIS A,5,0.17
196603,DE,DELAWARE,HEPATITIS A,2,0.39
196603,FL,FLORIDA,HEPATITIS A,18,0.29
196603,HI,HAWAII,HEPATITIS A,2,0.28
196603,IA,IOWA,HEPATITIS A,4,0.14
196603,IL,ILLINOIS,HEPATITIS A,24,0.22
196603,IN,INDIANA,HEPATITIS A,10,0.2
196603,KS,KANSAS,HEPATITIS A,8,0.36
196603,KY,KENTUCKY,HEPATITIS A,17,0.54
196603,LA,LOUISIANA,HEPATITIS A,10,0.28
192801,AL,ALABAMA,MEASLES,97,3.67
192801,AR,ARKANSAS,MEASLES,76,4.11
192801,AZ,ARIZONA,MEASLES,8,1.9
192801,CA,CALIFORNIA,MEASLES,74,1.38
192801,CO,COLORADO,MEASLES,85,8.38
192801,CT,CONNECTICUT,MEASLES,71,4.5
192801,DE,DELAWARE,MEASLES,20,8.58
192801,FL,FLORIDA,MEASLES,3,0.21
192801,GA,GEORGIA,MEASLES,34,1.17
192801,IA,IOWA,MEASLES,4,0.16
192801,IL,ILLINOIS,MEASLES,38,0.5
192801,IN,INDIANA,MEASLES,43,1.34
192801,KS,KANSAS,MEASLES,15,0.81
192801,KY,KENTUCKY,MEASLES,79,3.08
192801,LA,LOUISIANA,MEASLES,39,1.89
192801,MA,MASSACHUSETTS,MEASLES,1082,25.66
192801,MD,MARYLAND,MEASLES,175,10.87
192801,ME,MAINE,MEASLES,36,4.52
192801,MI,MICHIGAN,MEASLES,265,5.68
192801,MN,MINNESOTA,MEASLES,8,0.31
192801,MO,MISSOURI,MEASLES,43,1.19
192801,MT,MONTANA,MEASLES,1,0.18
192801,NC,NORTH CAROLINA,MEASLES,1475,47.86
192801,NE,NEBRASKA,MEASLES,22,1.6
192801,NJ,NEW JERSEY,MEASLES,141,3.55
192801,NM,NEW MEXICO,MEASLES,62,14.9
192801,NY,NEW YORK,MEASLES,882,7.6
192801,OH,OHIO,MEASLES,166,2.51
192801,OK,OKLAHOMA,MEASLES,114,4.86
192801,OR,OREGON,MEASLES,46,4.91
192801,PA,PENNSYLVANIA,MEASLES,683,6.97
192801,RI,RHODE ISLAND,MEASLES,8,1.18
192801,SC,SOUTH CAROLINA,MEASLES,731,42.04
192801,SD,SOUTH DAKOTA,MEASLES,39,5.69
192801,TN,TENNESSEE,MEASLES,578,22.03
192801,TX,TEXAS,MEASLES,67,1.18
192801,UT,UTAH,MEASLES,2,0.4
192801,VT,VERMONT,MEASLES,1,0.28
192801,WA,WASHINGTON,MEASLES,230,14.83
192801,WI,WISCONSIN,MEASLES,45,1.54
192801,WV,WEST VIRGINIA,MEASLES,57,3.36
192801,WY,WYOMING,MEASLES,2,0.91
192802,AL,ALABAMA,MEASLES,165,6.25
192802,AR,ARKANSAS,MEASLES,183,9.91
192802,AZ,ARIZONA,MEASLES,27,6.4
192802,CA,CALIFORNIA,MEASLES,96,1.8
192802,CO,COLORADO,MEASLES,61,6.02
192802,CT,CONNECTICUT,MEASLES,142,9.0
192802,DE,DELAWARE,MEASLES,17,7.3
192802,FL,FLORIDA,MEASLES,7,0.49
192802,GA,GEORGIA,MEASLES,173,5.96
192802,ID,IDAHO,MEASLES,2,0.45
192802,IL,ILLINOIS,MEASLES,58,0.77
192802,IN,INDIANA,MEASLES,87,2.71
192802,KS,KANSAS,MEASLES,25,1.35
192802,KY,KENTUCKY,MEASLES,51,1.99
192802,LA,LOUISIANA,MEASLES,62,3.0
192802,MA,MASSACHUSETTS,MEASLES,1202,28.5
192802,MD,MARYLAND,MEASLES,249,15.47
192802,ME,MAINE,MEASLES,59,7.4
192802,MI,MICHIGAN,MEASLES,354,7.59
192802,MN,MINNESOTA,MEASLES,6,0.23
192802,MO,MISSOURI,MEASLES,30,0.83
192802,MT,MONTANA,MEASLES,1,0.18
192802,NC,NORTH CAROLINA,MEASLES,3689,119.7
192802,ND,NORTH DAKOTA,MEASLES,1,0.15
192802,NE,NEBRASKA,MEASLES,4,0.29
192802,NJ,NEW JERSEY,MEASLES,188,4.74
192802,NM,NEW MEXICO,MEASLES,46,11.06
192802,NY,NEW YORK,MEASLES,1119,9.65
192802,OK,OKLAHOMA,MEASLES,60,2.56
192802,OR,OREGON,MEASLES,46,4.91
192802,PA,PENNSYLVANIA,MEASLES,857,8.74
192802,RI,RHODE ISLAND,MEASLES,5,0.74
192802,SC,SOUTH CAROLINA,MEASLES,1459,83.9
192802,SD,SOUTH DAKOTA,MEASLES,45,6.57
192802,TN,TENNESSEE,MEASLES,445,16.96
192802,TX,TEXAS,MEASLES,36,0.63
192802,VT,VERMONT,MEASLES,2,0.56
192802,WA,WASHINGTON,MEASLES,269,17.34
192802,WI,WISCONSIN,MEASLES,28,0.96
192802,WV,WEST VIRGINIA,MEASLES,71,4.19
192803,AL,ALABAMA,MEASLES,210,7.95
192803,AR,ARKANSAS,MEASLES,206,11.15
192803,AZ,ARIZONA,MEASLES,19,4.5
192803,CA,CALIFORNIA,MEASLES,70,1.31
192803,CO,COLORADO,MEASLES,29,2.86
192803,CT,CONNECTICUT,MEASLES,139,8.81
192803,DE,DELAWARE,MEASLES,37,15.88
192803,FL,FLORIDA,MEASLES,6,0.42
192803,ID,IDAHO,MEASLES,2,0.45
192803,IL,ILLINOIS,MEASLES,46,0.61
192803,IN,INDIANA,MEASLES,55,1.71
192803,KS,KANSAS,MEASLES,26,1.41
192803,KY,KENTUCKY,MEASLES,135,5.26
192803,LA,LOUISIANA,MEASLES,48,2.33
192803,MA,MASSACHUSETTS,MEASLES,1466,34.76
192803,MD,MARYLAND,MEASLES,345,21.43
192803,ME,MAINE,MEASLES,54,6.78
192803,MI,MICHIGAN,MEASLES,438,9.39
196801,AK,ALASKA,MUMPS,7,2.46
196801,AL,ALABAMA,MUMPS,39,1.13
196801,AZ,ARIZONA,MUMPS,19,1.13
196801,CA,CALIFORNIA,MUMPS,247,1.27
196801,DC,DISTRICT OF COLUMBIA,MUMPS,1,0.13
196801,DE,DELAWARE,MUMPS,9,1.69
196801,FL,FLORIDA,MUMPS,36,0.56
196801,HI,HAWAII,MUMPS,13,1.77
196801,IA,IOWA,MUMPS,351,12.52
196801,ID,IDAHO,MUMPS,3,0.43
196801,IL,ILLINOIS,MUMPS,72,0.65
196801,IN,INDIANA,MUMPS,57,1.12
196801,KY,KENTUCKY,MUMPS,107,3.35
196801,MA,MASSACHUSETTS,MUMPS,212,3.77
196801,MD,MARYLAND,MUMPS,8,0.21
196801,ME,MAINE,MUMPS,25,2.52
196801,MI,MICHIGAN,MUMPS,176,2.02
196801,MN,MINNESOTA,MUMPS,2,0.05
196801,MO,MISSOURI,MUMPS,12,0.26
196801,MS,MISSISSIPPI,MUMPS,10,0.45
196801,MT,MONTANA,MUMPS,3,0.43
196801,ND,NORTH DAKOTA,MUMPS,37,5.96
196801,NE,NEBRASKA,MUMPS,15,1.02
196801,NJ,NEW JERSEY,MUMPS,195,2.78
196801,NM,NEW MEXICO,MUMPS,5,0.5
196801,OH,OHIO,MUMPS,152,1.45
196801,OK,OKLAHOMA,MUMPS,1,0.04
196801,OR,OREGON,MUMPS,15,0.75
196801,RI,RHODE ISLAND,MUMPS,80,8.68
196801,SC,SOUTH CAROLINA,MUMPS,4,0.16
196801,TN,TENNESSEE,MUMPS,17,0.44
196801,TX,TEXAS,MUMPS,81,0.75
196801,UT,UTAH,MUMPS,2,0.19
196801,VA,VIRGINIA,MUMPS,22,0.48
196801,VT,VERMONT,MUMPS,77,17.91
196801,WA,WASHINGTON,MUMPS,234,7.16
196801,WV,WEST VIRGINIA,MUMPS,129,7.32
196801,WY,WYOMING,MUMPS,23,7.1
196802,AK,ALASKA,MUMPS,7,2.46
196802,AL,ALABAMA,MUMPS,14,0.41
196802,AZ,ARIZONA,MUMPS,38,2.26
196802,CA,CALIFORNIA,MUMPS,480,2.47
196802,CT,CONNECTICUT,MUMPS,144,4.86
196802,DC,DISTRICT OF COLUMBIA,MUMPS,15,1.93
196802,DE,DELAWARE,MUMPS,1,0.19
196802,FL,FLORIDA,MUMPS,30,0.47
196802,HI,HAWAII,MUMPS,49,6.68
196802,ID,IDAHO,MUMPS,31,4.46
196802,IL,ILLINOIS,MUMPS,68,0.62
196802,IN,INDIANA,MUMPS,149,2.93
196802,KS,KANSAS,MUMPS,37,1.67
196802,KY,KENTUCKY,MUMPS,160,5.01
196802,MA,MASSACHUSETTS,MUMPS,271,4.82
196802,MD,MARYLAND,MUMPS,51,1.34
196802,ME,MAINE,MUMPS,37,3.72
196802,MI,MICHIGAN,MUMPS,693,7.97
196802,MN,MINNESOTA,MUMPS,5,0.14
196802,MO,MISSOURI,MUMPS,4,0.09
196802,MS,MISSISSIPPI,MUMPS,27,1.22
196802,MT,MONTANA,MUMPS,15,2.14
196802,ND,NORTH DAKOTA,MUMPS,23,3.7
196802,NE,NEBRASKA,MUMPS,39,2.66
196802,NH,NEW HAMPSHIRE,MUMPS,10,1.41
196802,NJ,NEW JERSEY,MUMPS,145,2.07
196802,NM,NEW MEXICO,MUMPS,16,1.61
196802,OH,OHIO,MUMPS,56,0.53
196802,OK,OKLAHOMA,MUMPS,4,0.16
196802,OR,OREGON,MUMPS,33,1.65
196802,RI,RHODE ISLAND,MUMPS,50,5.42
196802,SC,SOUTH CAROLINA,MUMPS,4,0.16
196802,TN,TENNESSEE,MUMPS,120,3.09
196802,TX,TEXAS,MUMPS,248,2.29
196802,UT,UTAH,MUMPS,12,1.17
196802,VA,VIRGINIA,MUMPS,27,0.59
196802,VT,VERMONT,MUMPS,29,6.74
196802,WA,WASHINGTON,MUMPS,259,7.92
196802,WI,WISCONSIN,MUMPS,645,14.84
196802,WV,WEST VIRGINIA,MUMPS,351,19.91
196802,WY,WYOMING,MUMPS,27,8.33
196803,AK,ALASKA,MUMPS,9,3.16
196803,AL,ALABAMA,MUMPS,14,0.41
196803,AZ,ARIZONA,MUMPS,40,2.38
196803,CA,CALIFORNIA,MUMPS,486,2.51
196803,CT,CONNECTICUT,MUMPS,124,4.18
196803,DE,DELAWARE,MUMPS,9,1.69
196803,FL,FLORIDA,MUMPS,80,1.24
196803,HI,HAWAII,MUMPS,11,1.5
196803,IA,IOWA,MUMPS,617,22.01
196803,IL,ILLINOIS,MUMPS,237,2.16
196803,IN,INDIANA,MUMPS,125,2.45
196803,KS,KANSAS,MUMPS,20,0.9
196803,KY,KENTUCKY,MUMPS,99,3.1
196803,LA,LOUISIANA,MUMPS,2,0.06
196803,MA,MASSACHUSETTS,MUMPS,293,5.22
196803,MD,MARYLAND,MUMPS,39,1.02
196803,ME,MAINE,MUMPS,20,2.01
196803,MI,MICHIGAN,MUMPS,610,7.01
196803,MN,MINNESOTA,MUMPS,26,0.7
196803,MO,MISSOURI,MUMPS,17,0.37
196803,MS,MISSISSIPPI,MUMPS,12,0.54
193801,AL,ALABAMA,PERTUSSIS,22,0.79
193801,AR,ARKANSAS,PERTUSSIS,22,1.14
193801,AZ,ARIZONA,PERTUSSIS,19,4.08
193801,CA,CALIFORNIA,PERTUSSIS,390,5.86
193801,CO,COLORADO,PERTUSSIS,10,0.9
193801,CT,CONNECTICUT,PERTUSSIS,49,2.91
193801,DC,DISTRICT OF COLUMBIA,PERTUSSIS,17,2.66
193801,DE,DELAWARE,PERTUSSIS,8,3.11
193801,FL,FLORIDA,PERTUSSIS,2,0.11
193801,GA,GEORGIA,PERTUSSIS,9,0.29
193801,IA,IOWA,PERTUSSIS,32,1.28
193801,ID,IDAHO,PERTUSSIS,32,6.24
193801,IL,ILLINOIS,PERTUSSIS,104,1.32
193801,IN,INDIANA,PERTUSSIS,23,0.68
193801,KS,KANSAS,PERTUSSIS,104,5.65
193801,KY,KENTUCKY,PERTUSSIS,90,3.21
193801,MA,MASSACHUSETTS,PERTUSSIS,180,4.12
193801,MD,MARYLAND,PERTUSSIS,55,3.11
193801,ME,MAINE,PERTUSSIS,131,15.54
193801,MI,MICHIGAN,PERTUSSIS,99,1.96
193801,MN,MINNESOTA,PERTUSSIS,66,2.4
193801,MO,MISSOURI,PERTUSSIS,48,1.27
193801,MT,MONTANA,PERTUSSIS,67,12.14
193801,NC,NORTH CAROLINA,PERTUSSIS,328,9.53
193801,ND,NORTH DAKOTA,PERTUSSIS,25,3.86
193801,NE,NEBRASKA,PERTUSSIS,16,1.21
193801,NH,NEW HAMPSHIRE,PERTUSSIS,6,1.24
193801,NJ,NEW JERSEY,PERTUSSIS,215,5.24
193801,NM,NEW MEXICO,PERTUSSIS,19,3.7
193801,NY,NEW YORK,PERTUSSIS,349,2.58
193801,OH,OHIO,PERTUSSIS,42,0.61
193801,OK,OKLAHOMA,PERTUSSIS,14,0.6
193801,OR,OREGON,PERTUSSIS,10,0.94
193801,PA,PENNSYLVANIA,PERTUSSIS,206,2.07
193801,RI,RHODE ISLAND,PERTUSSIS,36,5.19
193801,SC,SOUTH CAROLINA,PERTUSSIS,65,3.54
193801,SD,SOUTH DAKOTA,PERTUSSIS,19,2.93
193801,TN,TENNESSEE,PERTUSSIS,29,1.03
193801,TX,TEXAS,PERTUSSIS,140,2.22
193801,UT,UTAH,PERTUSSIS,20,3.74
193801,VA,VIRGINIA,PERTUSSIS,118,4.47
193801,VT,VERMONT,PERTUSSIS,50,14.04
193801,WA,WASHINGTON,PERTUSSIS,134,7.89
193801,WI,WISCONSIN,PERTUSSIS,121,3.91
193801,WV,WEST VIRGINIA,PERTUSSIS,72,3.94
193801,WY,WYOMING,PERTUSSIS,14,5.69
193802,AL,ALABAMA,PERTUSSIS,29,1.04
193802,AR,ARKANSAS,PERTUSSIS,48,2.49
193802,AZ,ARIZONA,PERTUSSIS,37,7.94
193802,CA,CALIFORNIA,PERTUSSIS,456,6.85
193802,CO,COLORADO,PERTUSSIS,5,0.45
193802,CT,CONNECTICUT,PERTUSSIS,39,2.32
193802,DC,DISTRICT OF COLUMBIA,PERTUSSIS,9,1.41
193802,DE,DELAWARE,PERTUSSIS,7,2.72
193802,FL,FLORIDA,PERTUSSIS,10,0.56
193802,GA,GEORGIA,PERTUSSIS,20,0.65
193802,IA,IOWA,PERTUSSIS,32,1.28
193802,ID,IDAHO,PERTUSSIS,11,2.14
193802,IL,ILLINOIS,PERTUSSIS,100,1.27
193802,IN,INDIANA,PERTUSSIS,36,1.06
193802,KS,KANSAS,PERTUSSIS,93,5.05
193802,KY,KENTUCKY,PERTUSSIS,14,0.5
193802,LA,LOUISIANA,PERTUSSIS,6,0.26
193802,MA,MASSACHUSETTS,PERTUSSIS,154,3.53
193802,MD,MARYLAND,PERTUSSIS,45,2.55
193802,ME,MAINE,PERTUSSIS,57,6.76
193802,MI,MICHIGAN,PERTUSSIS,184,3.64
193802,MN,MINNESOTA,PERTUSSIS,55,2.0
193802,MO,MISSOURI,PERTUSSIS,95,2.51
193802,MT,MONTANA,PERTUSSIS,32,5.8
193802,NC,NORTH CAROLINA,PERTUSSIS,324,9.42
193802,ND,NORTH DAKOTA,PERTUSSIS,14,2.16
193802,NE,NEBRASKA,PERTUSSIS,6,0.45
193802,NH,NEW HAMPSHIRE,PERTUSSIS,3,0.62
193802,NJ,NEW JERSEY,PERTUSSIS,150,3.66
193802,NM,NEW MEXICO,PERTUSSIS,60,11.7
193802,NY,NEW YORK,PERTUSSIS,330,2.44
193802,OH,OHIO,PERTUSSIS,144,2.11
193802,OK,OKLAHOMA,PERTUSSIS,12,0.52
193802,OR,OREGON,PERTUSSIS,13,1.22
193802,PA,PENNSYLVANIA,PERTUSSIS,362,3.64
193802,RI,RHODE ISLAND,PERTUSSIS,33,4.76
193802,SC,SOUTH CAROLINA,PERTUSSIS,49,2.67
193802,SD,SOUTH DAKOTA,PERTUSSIS,6,0.92
193802,TN,TENNESSEE,PERTUSSIS,26,0.92
193802,TX,TEXAS,PERTUSSIS,181,2.87
193802,UT,UTAH,PERTUSSIS,59,11.03
193802,VA,VIRGINIA,PERTUSSIS,108,4.09
193802,VT,VERMONT,PERTUSSIS,24,6.74
193802,WA,WASHINGTON,PERTUSSIS,115,6.77
193802,WI,WISCONSIN,PERTUSSIS,182,5.87
193802,WV,WEST VIRGINIA,PERTUSSIS,108,5.91
193802,WY,WYOMING,PERTUSSIS,10,4.07
193803,AL,ALABAMA,PERTUSSIS,33,1.18
193803,AR,ARKANSAS,PERTUSSIS,64,3.32
193803,AZ,ARIZONA,PERTUSSIS,15,3.22
193803,CA,CALIFORNIA,PERTUSSIS,423,6.36
193803,CO,COLORADO,PERTUSSIS,7,0.63
193803,CT,CONNECTICUT,PERTUSSIS,42,2.49
193803,DC,DISTRICT OF COLUMBIA,PERTUSSIS,3,0.47
192801,AL,ALABAMA,POLIO,0,0.0
192801,AR,ARKANSAS,POLIO,0,0.0
192801,AZ,ARIZONA,POLIO,0,0.0
192801,CA,CALIFORNIA,POLIO,9,0.17
192801,CO,COLORADO,POLIO,4,0.39
192801,CT,CONNECTICUT,POLIO,0,0.0
192801,DE,DELAWARE,POLIO,0,0.0
192801,FL,FLORIDA,POLIO,0,0.0
192801,GA,GEORGIA,POLIO,1,0.03
192801,IA,IOWA,POLIO,2,0.08
192801,ID,IDAHO,POLIO,0,0.0
192801,IL,ILLINOIS,POLIO,2,0.03
192801,IN,INDIANA,POLIO,1,0.03
192801,KS,KANSAS,POLIO,0,0.0
192801,KY,KENTUCKY,POLIO,0,0.0
192801,LA,LOUISIANA,POLIO,0,0.0
192801,MA,MASSACHUSETTS,POLIO,6,0.14
192801,MD,MARYLAND,POLIO,1,0.06
192801,ME,MAINE,POLIO,0,0.0
192801,MI,MICHIGAN,POLIO,2,0.04
192801,MN,MINNESOTA,POLIO,0,0.0
192801,MO,MISSOURI,POLIO,1,0.03
192801,MS,MISSISSIPPI,POLIO,0,0.0
192801,MT,MONTANA,POLIO,1,0.18
192801,NC,NORTH CAROLINA,POLIO,0,0.0
192801,NE,NEBRASKA,POLIO,1,0.07
192801,NJ,NEW JERSEY,POLIO,3,0.08
192801,NM,NEW MEXICO,POLIO,0,0.0
192801,NY,NEW YORK,POLIO,9,0.08
192801,OH,OHIO,POLIO,1,0.02
192801,OK,OKLAHOMA,POLIO,0,0.0
192801,OR,OREGON,POLIO,6,0.64
192801,PA,PENNSYLVANIA,POLIO,0,0.0
192801,RI,RHODE ISLAND,POLIO,0,0.0
192801,SC,SOUTH CAROLINA,POLIO,1,0.06
192801,SD,SOUTH DAKOTA,POLIO,0,0.0
192801,TN,TENNESSEE,POLIO,1,0.04
192801,TX,TEXAS,POLIO,3,0.05
192801,UT,UTAH,POLIO,0,0.0
192801,VT,VERMONT,POLIO,0,0.0
192801,WA,WASHINGTON,POLIO,4,0.26
192801,WI,WISCONSIN,POLIO,1,0.03
192801,WV,WEST VIRGINIA,POLIO,1,0.06
192801,WY,WYOMING,POLIO,0,0.0
192802,AL,ALABAMA,POLIO,0,0.0
192802,AR,ARKANSAS,POLIO,0,0.0
192802,AZ,ARIZONA,POLIO,0,0.0
192802,CA,CALIFORNIA,POLIO,8,0.15
192802,CO,COLORADO,POLIO,2,0.2
192802,CT,CONNECTICUT,POLIO,0,0.0
192802,DE,DELAWARE,POLIO,0,0.0
192802,FL,FLORIDA,POLIO,0,0.0
192802,GA,GEORGIA,POLIO,0,0.0
192802,ID,IDAHO,POLIO,0,0.0
192802,IL,ILLINOIS,POLIO,1,0.01
192802,IN,INDIANA,POLIO,1,0.03
192802,KS,KANSAS,POLIO,4,0.22
192802,KY,KENTUCKY,POLIO,0,0.0
192802,LA,LOUISIANA,POLIO,1,0.05
192802,MA,MASSACHUSETTS,POLIO,6,0.14
192802,MD,MARYLAND,POLIO,1,0.06
192802,ME,MAINE,POLIO,1,0.13
192802,MI,MICHIGAN,POLIO,2,0.04
192802,MN,MINNESOTA,POLIO,1,0.04
192802,MO,MISSOURI,POLIO,2,0.06
192802,MS,MISSISSIPPI,POLIO,0,0.0
192802,MT,MONTANA,POLIO,0,0.0
192802,NC,NORTH CAROLINA,POLIO,1,0.03
192802,ND,NORTH DAKOTA,POLIO,3,0.45
192802,NE,NEBRASKA,POLIO,1,0.07
192802,NJ,NEW JERSEY,POLIO,1,0.03
192802,NM,NEW MEXICO,POLIO,0,0.0
192802,NY,NEW YORK,POLIO,6,0.05
192802,OK,OKLAHOMA,POLIO,1,0.04
192802,OR,OREGON,POLIO,4,0.43
192802,PA,PENNSYLVANIA,POLIO,3,0.03
192802,RI,RHODE ISLAND,POLIO,0,0.0
192802,SC,SOUTH CAROLINA,POLIO,1,0.06
192802,SD,SOUTH DAKOTA,POLIO,0,0.0
192802,TN,TENNESSEE,POLIO,1,0.04
192802,TX,TEXAS,POLIO,2,0.04
192802,UT,UTAH,POLIO,0,0.0
192802,VT,VERMONT,POLIO,0,0.0
192802,WA,WASHINGTON,POLIO,6,0.39
192802,WI,WISCONSIN,POLIO,1,0.03
192802,WV,WEST VIRGINIA,POLIO,4,0.24
192802,WY,WYOMING,POLIO,0,0.0
192803,AL,ALABAMA,POLIO,1,0.04
192803,AR,ARKANSAS,POLIO,0,0.0
192803,AZ,ARIZONA,POLIO,0,0.0
192803,CA,CALIFORNIA,POLIO,6,0.11
192803,CO,COLORADO,POLIO,0,0.0
192803,CT,CONNECTICUT,POLIO,1,0.06
192803,DE,DELAWARE,POLIO,0,0.0
192803,FL,FLORIDA,POLIO,0,0.0
192803,ID,IDAHO,POLIO,0,0.0
192803,IL,ILLINOIS,POLIO,2,0.03
192803,IN,INDIANA,POLIO,1,0.03
192803,KS,KANSAS,POLIO,0,0.0
192803,KY,KENTUCKY,POLIO,0,0.0
196601,AL,ALABAMA,RUBELLA,7,0.2
196601,AZ,ARIZONA,RUBELLA,29,1.8
196601,CA,CALIFORNIA,RUBELLA,7,0.04
196601,CT,CONNECTICUT,RUBELLA,11,0.38
196601,HI,HAWAII,RUBELLA,1,0.14
196601,IA,IOWA,RUBELLA,6,0.22
196601,ID,IDAHO,RUBELLA,1,0.15
196601,IL,ILLINOIS,RUBELLA,17,0.16
196601,IN,INDIANA,RUBELLA,21,0.42
196601,KY,KENTUCKY,RUBELLA,14,0.44
196601,MA,MASSACHUSETTS,RUBELLA,10,0.18
196601,MD,MARYLAND,RUBELLA,6,0.16
196601,ME,MAINE,RUBELLA,4,0.4
196601,MI,MICHIGAN,RUBELLA,25,0.29
196601,MN,MINNESOTA,RUBELLA,2,0.06
196601,MO,MISSOURI,RUBELLA,1,0.02
196601,MT,MONTANA,RUBELLA,11,1.56
196601,ND,NORTH DAKOTA,RUBELLA,7,1.08
196601,NH,NEW HAMPSHIRE,RUBELLA,9,1.32
196601,OR,OREGON,RUBELLA,22,1.12
196601,PA,PENNSYLVANIA,RUBELLA,1,0.01
196601,RI,RHODE ISLAND,RUBELLA,6,0.67
196601,SC,SOUTH CAROLINA,RUBELLA,4,0.16
196601,TN,TENNESSEE,RUBELLA,23,0.6
196601,VA,VIRGINIA,RUBELLA,3,0.07
196601,VT,VERMONT,RUBELLA,2,0.48
196601,WA,WASHINGTON,RUBELLA,70,2.29
196601,WI,WISCONSIN,RUBELLA,40,0.94
196601,WV,WEST VIRGINIA,RUBELLA,23,1.3
196601,WY,WYOMING,RUBELLA,1,0.31
196602,AL,ALABAMA,RUBELLA,1,0.03
196602,AZ,ARIZONA,RUBELLA,53,3.28
196602,CA,CALIFORNIA,RUBELLA,43,0.23
196602,CO,COLORADO,RUBELLA,2,0.1
196602,CT,CONNECTICUT,RUBELLA,30,1.03
196602,HI,HAWAII,RUBELLA,4,0.56
196602,IA,IOWA,RUBELLA,34,1.23
196602,ID,IDAHO,RUBELLA,3,0.44
196602,IL,ILLINOIS,RUBELLA,81,0.75
196602,IN,INDIANA,RUBELLA,57,1.14
196602,KY,KENTUCKY,RUBELLA,17,0.54
196602,MA,MASSACHUSETTS,RUBELLA,20,0.36
196602,MD,MARYLAND,RUBELLA,5,0.14
196602,ME,MAINE,RUBELLA,8,0.8
196602,MI,MICHIGAN,RUBELLA,53,0.62
196602,MN,MINNESOTA,RUBELLA,7,0.19
196602,MO,MISSOURI,RUBELLA,2,0.04
196602,MT,MONTANA,RUBELLA,35,4.95
196602,ND,NORTH DAKOTA,RUBELLA,7,1.08
196602,NY,NEW YORK,RUBELLA,167,0.94
196602,OR,OREGON,RUBELLA,33,1.68
196602,RI,RHODE ISLAND,RUBELLA,3,0.33
196602,TN,TENNESSEE,RUBELLA,40,1.05
196602,UT,UTAH,RUBELLA,2,0.2
196602,VA,VIRGINIA,RUBELLA,5,0.11
196602,WA,WASHINGTON,RUBELLA,88,2.88
196602,WI,WISCONSIN,RUBELLA,122,2.85
196602,WV,WEST VIRGINIA,RUBELLA,8,0.45
196603,AL,ALABAMA,RUBELLA,1,0.03
196603,AZ,ARIZONA,RUBELLA,35,2.17
196603,CA,CALIFORNIA,RUBELLA,74,0.39
196603,CO,COLORADO,RUBELLA,16,0.8
196603,CT,CONNECTICUT,RUBELLA,39,1.34
196603,DE,DELAWARE,RUBELLA,1,0.19
196603,FL,FLORIDA,RUBELLA,16,0.26
196603,HI,HAWAII,RUBELLA,5,0.7
196603,IA,IOWA,RUBELLA,17,0.62
196603,IL,ILLINOIS,RUBELLA,46,0.42
196603,IN,INDIANA,RUBELLA,31,0.62
196603,KY,KENTUCKY,RUBELLA,42,1.33
196603,MA,MASSACHUSETTS,RUBELLA,20,0.36
196603,MD,MARYLAND,RUBELLA,1,0.03
196603,ME,MAINE,RUBELLA,7,0.7
196603,MI,MICHIGAN,RUBELLA,28,0.33
196603,MN,MINNESOTA,RUBELLA,3,0.08
196603,MT,MONTANA,RUBELLA,4,0.57
196603,ND,NORTH DAKOTA,RUBELLA,8,1.24
196603,NH,NEW HAMPSHIRE,RUBELLA,1,0.15
196603,NY,NEW YORK,RUBELLA,54,0.3
196603,OR,OREGON,RUBELLA,40,2.03
196603,PA,PENNSYLVANIA,RUBELLA,2,0.02
196603,RI,RHODE ISLAND,RUBELLA,19,2.11
196603,SC,SOUTH CAROLINA,RUBELLA,6,0.24
196603,TN,TENNESSEE,RUBELLA,45,1.18
196603,UT,UTAH,RUBELLA,2,0.2
196603,VA,VIRGINIA,RUBELLA,10,0.22
196603,VT,VERMONT,RUBELLA,27,6.54
196603,WA,WASHINGTON,RUBELLA,79,2.58
196603,WI,WISCONSIN,RUBELLA,130,3.04
196603,WV,WEST VIRGINIA,RUBELLA,14,0.79
196603,WY,WYOMING,RUBELLA,1,0.31
196604,AZ,ARIZONA,RUBELLA,37,2.29
196604,CA,CALIFORNIA,RUBELLA,73,0.39
196604,CO,COLORADO,RUBELLA,11,0.55
196604,CT,CONNECTICUT,RUBELLA,50,1.72
196604,DE,DELAWARE,RUBELLA,4,0.78
196604,FL,FLORIDA,RUBELLA,21,0.34
196604,HI,HAWAII,RUBELLA,1,0.14
196604,IA,IOWA,RUBELLA,32,1.16
196604,ID,IDAHO,RUBELLA,1,0.15
192801,AL,ALABAMA,SMALLPOX,1,0.04
192801,AR,ARKANSAS,SMALLPOX,7,0.38
192801,AZ,ARIZONA,SMALLPOX,0,0.0
192801,CA,CALIFORNIA,SMALLPOX,18,0.34
192801,CO,COLORADO,SMALLPOX,31,3.06
192801,CT,CONNECTICUT,SMALLPOX,26,1.65
192801,DE,DELAWARE,SMALLPOX,0,0.0
192801,FL,FLORIDA,SMALLPOX,1,0.07
192801,GA,GEORGIA,SMALLPOX,0,0.0
192801,IA,IOWA,SMALLPOX,58,2.37
192801,ID,IDAHO,SMALLPOX,4,0.89
192801,IL,ILLINOIS,SMALLPOX,30,0.4
192801,IN,INDIANA,SMALLPOX,133,4.14
192801,KS,KANSAS,SMALLPOX,73,3.95
192801,KY,KENTUCKY,SMALLPOX,16,0.62
192801,LA,LOUISIANA,SMALLPOX,10,0.48
192801,MA,MASSACHUSETTS,SMALLPOX,0,0.0
192801,MD,MARYLAND,SMALLPOX,0,0.0
192801,ME,MAINE,SMALLPOX,0,0.0
192801,MI,MICHIGAN,SMALLPOX,17,0.36
192801,MN,MINNESOTA,SMALLPOX,2,0.08
192801,MO,MISSOURI,SMALLPOX,38,1.06
192801,MS,MISSISSIPPI,SMALLPOX,1,0.05
192801,MT,MONTANA,SMALLPOX,36,6.65
192801,NC,NORTH CAROLINA,SMALLPOX,63,2.04
192801,NE,NEBRASKA,SMALLPOX,12,0.88
192801,NJ,NEW JERSEY,SMALLPOX,3,0.08
192801,NM,NEW MEXICO,SMALLPOX,1,0.24
192801,NY,NEW YORK,SMALLPOX,4,0.03
192801,OH,OHIO,SMALLPOX,19,0.29
192801,OK,OKLAHOMA,SMALLPOX,108,4.61
192801,OR,OREGON,SMALLPOX,32,3.42
192801,PA,PENNSYLVANIA,SMALLPOX,1,0.01
192801,RI,RHODE ISLAND,SMALLPOX,0,0.0
192801,SC,SOUTH CAROLINA,SMALLPOX,19,1.09
192801,SD,SOUTH DAKOTA,SMALLPOX,6,0.88
192801,TN,TENNESSEE,SMALLPOX,5,0.19
192801,TX,TEXAS,SMALLPOX,29,0.51
192801,UT,UTAH,SMALLPOX,19,3.77
192801,VT,VERMONT,SMALLPOX,0,0.0
192801,WA,WASHINGTON,SMALLPOX,31,2.0
192801,WI,WISCONSIN,SMALLPOX,27,0.92
192801,WV,WEST VIRGINIA,SMALLPOX,11,0.65
192801,WY,WYOMING,SMALLPOX,5,2.27
192802,AL,ALABAMA,SMALLPOX,4,0.15
192802,AR,ARKANSAS,SMALLPOX,9,0.49
192802,AZ,ARIZONA,SMALLPOX,0,0.0
192802,CA,CALIFORNIA,SMALLPOX,22,0.41
192802,CO,COLORADO,SMALLPOX,18,1.78
192802,CT,CONNECTICUT,SMALLPOX,53,3.36
192802,DE,DELAWARE,SMALLPOX,0,0.0
192802,FL,FLORIDA,SMALLPOX,10,0.7
192802,GA,GEORGIA,SMALLPOX,0,0.0
192802,ID,IDAHO,SMALLPOX,11,2.45
192802,IL,ILLINOIS,SMALLPOX,25,0.33
192802,IN,INDIANA,SMALLPOX,125,3.89
192802,KS,KANSAS,SMALLPOX,125,6.76
192802,KY,KENTUCKY,SMALLPOX,27,1.05
192802,LA,LOUISIANA,SMALLPOX,11,0.53
192802,MA,MASSACHUSETTS,SMALLPOX,0,0.0
192802,MD,MARYLAND,SMALLPOX,0,0.0
192802,ME,MAINE,SMALLPOX,0,0.0
192802,MI,MICHIGAN,SMALLPOX,49,1.05
192802,MN,MINNESOTA,SMALLPOX,3,0.12
192802,MO,MISSOURI,SMALLPOX,51,1.42
192802,MS,MISSISSIPPI,SMALLPOX,7,0.35
192802,MT,MONTANA,SMALLPOX,27,4.99
192802,NC,NORTH CAROLINA,SMALLPOX,106,3.44
192802,ND,NORTH DAKOTA,SMALLPOX,6,0.9
192802,NE,NEBRASKA,SMALLPOX,44,3.21
192802,NJ,NEW JERSEY,SMALLPOX,0,0.0
192802,NM,NEW MEXICO,SMALLPOX,0,0.0
192802,NY,NEW YORK,SMALLPOX,18,0.16
192802,OK,OKLAHOMA,SMALLPOX,201,8.58
192802,OR,OREGON,SMALLPOX,49,5.24
192802,PA,PENNSYLVANIA,SMALLPOX,0,0.0
192802,RI,RHODE ISLAND,SMALLPOX,0,0.0
192802,SC,SOUTH CAROLINA,SMALLPOX,33,1.9
192802,SD,SOUTH DAKOTA,SMALLPOX,7,1.02
192802,TN,TENNESSEE,SMALLPOX,28,1.07
192802,TX,TEXAS,SMALLPOX,78,1.37
192802,UT,UTAH,SMALLPOX,33,6.55
192802,VT,VERMONT,SMALLPOX,0,0.0
192802,WA,WASHINGTON,SMALLPOX,70,4.51
192802,WI,WISCONSIN,SMALLPOX,27,0.92
192802,WV,WEST VIRGINIA,SMALLPOX,17,1.0
192802,WY,WYOMING,SMALLPOX,18,8.18
192803,AL,ALABAMA,SMALLPOX,8,0.3
192803,AR,ARKANSAS,SMALLPOX,14,0.76
192803,AZ,ARIZONA,SMALLPOX,0,0.0
192803,CA,CALIFORNIA,SMALLPOX,30,0.56
192803,CO,COLORADO,SMALLPOX,23,2.27
192803,CT,CONNECTICUT,SMALLPOX,20,1.27
192803,DE,DELAWARE,SMALLPOX,0,0.0
192803,FL,FLORIDA,SMALLPOX,7,0.49
192803,ID,IDAHO,SMALLPOX,3,0.67
192803,IL,ILLINOIS,SMALLPOX,27,0.36
192803,IN,INDIANA,SMALLPOX,120,3.74
192803,KS,KANSAS,SMALLPOX,74,4.0
192803,KY,KENTUCKY,SMALLPOX,28,1.09
